Model,Accuracy,Precision,Recall,F1,ROC AUC
lightgbm,0.7861526569273471,0.303651836690725,0.47340974933870766,0.3699880227731382,0.7324111199369213
logistic_regression,0.7244721565063199,0.26421405911695833,0.6035688793718772,0.36753749469475,0.7281855863575828
random_forest,0.7213367282836789,0.2572905404404686,0.5835159759835412,0.35711697729217473,0.7134284791577906
