Model,Accuracy,Precision,Recall,F1,ROC AUC
lightgbm,0.7544642260448828,0.2816181603509346,0.5488012763992106,0.37222733240116074,0.7324189579029631
logistic_regression,0.7462686733407291,0.2765509643685154,0.5649410085233236,0.37132851114796894,0.7307440334773085
catboost,0.7907137860824857,0.30745899483483213,0.4613679304698325,0.36900820062999107,0.7325055934409066
random_forest,0.7426899412343897,0.2729128203047333,0.5647898559852207,0.3680026263234208,0.7299884034030171
