Model,Accuracy,Precision,Recall,F1,ROC AUC
logistic_regression,0.7244721565063199,0.26421405911695833,0.6035688793718772,0.36753749469475,0.7281855863575828
random_forest,0.7223224668190384,0.25790438510707125,0.5824327161271361,0.3575040333180419,0.713396234188383
