episode,elapsed_time
1,1707.0206348896027
2,1709.1064743995667
3,1709.8858144283295
4,1710.1345438957214
5,1709.8823330402374
6,1709.855640888214
7,1709.8074905872345
8,1710.3998153209686
9,1710.7557034492493
10,1710.7227854728699
11,1710.766595840454
12,1710.7956340312958
13,1708.1308698654175
14,1705.7528233528137
15,1710.2871041297913
16,1712.800544500351
17,1712.8032295703888
18,1705.39750790596
19,1703.0686235427856
20,1703.093913078308
