episode,elapsed_time
1,1350.179321527481
2,1348.8339602947235
3,1350.275395154953
4,1349.8744587898254
5,1351.3055233955383
6,1351.739239692688
7,1351.3066458702087
8,1351.0809519290924
9,1351.3074371814728
10,1351.3086233139038
11,1351.6337296962738
12,1351.4363007545471
13,1351.888742685318
14,1351.764740228653
15,1351.2425789833069
