episode,elapsed_time
1,830.1994481086731
2,830.197511434555
3,830.2774178981781
4,830.3275172710419
5,830.3627948760986
