{"R4|C4|Res2|Q|NORMAL": {"0": 0.0, "1": 0.0, "2": 0.0, "3": 126.90538708506118, "4": 0.0, "5": 0.0, "6": 0.0, "7": 0.0, "8": 0.0, "9": 0.0, "10": 0.0, "11": 0.0, "12": 0.0, "13": 0.0, "14": 0.0, "15": 0.0, "16": 0.0}, "R4|C4|Res2|C|NORMAL": {"0": 0.0, "1": 0.0, "2": 0.0, "3": 0.0, "4": 0.0, "5": 0.0, "6": 3.6863192243684737, "7": 0.0, "8": 0.0, "9": 0.0, "10": 0.0, "11": 0.0, "12": 0.0, "13": 61.75253569863771, "14": 0.0, "15": 0.0, "16": 0.0}, "R3|C4|Res2|C|NORMAL": {"0": 0.0, "1": 0.0, "2": 0.0, "3": 0.0, "4": 0.0, "5": 0.0, "6": 0.0, "7": 0.0, "8": 0.0, "9": 0.0, "10": 0.0, "11": 58.58273952834061, "12": 3.7235933927574716, "13": 4.367638422395639, "14": 0.0, "15": 0.0, "16": 3.332693371102596}, "R2|C2|Res1|C|NORMAL": {"0": 0.0, "1": 0.0, "2": 0.0, "3": 0.0, "4": 0.0, "5": 0.0, "6": 0.0, "7": 0.0, "8": 0.0, "9": 0.0, "10": 0.0, "11": 0.0, "12": 53.96772492324868, "13": 7.268455397008546, "14": 0.0, "15": 0.0, "16": 12.797722633102818}, "R0|C1|Res1|C|NORMAL": {"0": 0.0, "1": 0.0, "2": 0.0, "3": 0.0, "4": 0.0, "5": 0.0, "6": 0.0, "7": 0.0, "8": 0.0, "9": 0.0, "10": 0.0, "11": 0.0, "12": 0.0, "13": 0.0, "14": 0.0, "15": 0.0, "16": 37.84375366399092}, "R4|C4|Res1|Q|PEAK": {"0": 0.0, "1": 0.0, "2": 0.0, "3": 0.0, "4": 0.0, "5": 0.0, "6": 0.0, "7": 0.0, "8": 0.0, "9": 0.0, "10": 0.0, "11": 0.0, "12": 5.233010049517428, "13": 0.0, "14": 0.0, "15": 60.8188992351372, "16": 0.0}, "R3|C4|Res0|C|NORMAL": {"0": 0.0, "1": 0.0, "2": 0.0, "3": 0.0, "4": 0.0, "5": 0.0, "6": 0.0, "7": 0.0, "8": 0.0, "9": 0.0, "10": 0.0, "11": 0.0, "12": 0.0, "13": 62.46277432922255, "14": 0.0, "15": 0.0, "16": 10.507073707671164}, "R3|C3|Res1|C|NORMAL": {"0": 0.0, "1": 0.0, "2": 0.0, "3": 0.0, "4": 0.0, "5": 0.0, "6": 2.4519963271748573, "7": 0.0, "8": 0.0, "9": 0.0, "10": 0.0, "11": 0.0, "12": 0.0, "13": 0.0, "14": 0.0, "15": 6.395169857366046, "16": 61.51063919092065}, "R3|C3|Res2|Q|PEAK": {"0": 0.0, "1": 0.0, "2": 0.0, "3": 0.0, "4": 7.902264456118621, "5": 0.0, "6": 0.0, "7": 0.0, "8": 0.0, "9": 0.0, "10": 0.0, "11": 0.0, "12": 3.1239658216646564, "13": 57.22490317869106, "14": 0.0, "15": 0.0, "16": 1.8995055529210743}, "R3|C3|Res0|C|NORMAL": {"0": 0.0, "1": 0.0, "2": 0.0, "3": 0.0, "4": 0.0, "5": 0.0, "6": 0.0, "7": 0.0, "8": 0.0, "9": 0.0, "10": 0.0, "11": 0.0, "12": 0.0, "13": 100.56074005039922, "14": 0.0, "15": 0.0, "16": 0.0}, "R3|C3|Res2|C|NORMAL": {"0": 0.0, "1": 0.0, "2": 0.0, "3": 0.0, "4": 0.0, "5": 0.0, "6": 26.27098361904996, "7": 0.0, "8": 0.0, "9": 0.0, "10": 0.0, "11": 0.0, "12": 148.5981684994113, "13": 0.0, "14": 13.234695673761516, "15": 10.57457799052052, "16": 0.0}, "R4|C4|Res0|Q|PEAK": {"0": 0.0, "1": 0.0, "2": 0.0, "3": 0.0, "4": 0.0, "5": 0.0, "6": 0.0, "7": 0.0, "8": 0.0, "9": 0.0, "10": 0.0, "11": 0.0, "12": 0.0, "13": 111.92580812280076, "14": 0.0, "15": 0.0, "16": 0.0}, "R4|C4|Res0|Q|NORMAL": {"0": 0.0, "1": 0.0, "2": 0.0, "3": 0.0, "4": 0.0, "5": 0.0, "6": 0.0, "7": 0.0, "8": 0.0, "9": 0.0, "10": 0.0, "11": 0.0, "12": 6.19726592483228, "13": 0.0, "14": 0.0, "15": 0.0, "16": 31.286225697686994}, "R3|C4|Res1|C|NORMAL": {"0": 0.0, "1": 0.0, "2": 0.0, "3": 0.0, "4": 0.0, "5": 0.0, "6": 0.0, "7": 0.0, "8": 0.0, "9": 0.0, "10": 0.0, "11": 0.0, "12": 0.0, "13": 40.516637312105814, "14": 0.0, "15": 0.0, "16": 0.0}, "R2|C3|Res2|C|NORMAL": {"0": 0.0, "1": 0.0, "2": 0.0, "3": 0.0, "4": 0.0, "5": 0.0, "6": 0.0, "7": 0.0, "8": 0.0, "9": 0.0, "10": 0.0, "11": 0.0, "12": 177.05802690184922, "13": 71.427443792683, "14": 0.0, "15": 0.0, "16": 6.949045429998984}, "R2|C2|Res2|C|NORMAL": {"0": 0.0, "1": 0.0, "2": 0.0, "3": 0.0, "4": 0.0, "5": 0.0, "6": 0.0, "7": 0.0, "8": 0.0, "9": 0.0, "10": 0.0, "11": 0.0, "12": 132.53069235753946, "13": 22.94549322806902, "14": 0.0, "15": 0.0, "16": 43.41393372210129}}