month,events,fraud_rate
2025-01,148513,0.02311582151057483
2025-02,147926,0.026033286913727135
2025-03,171549,0.03822814472832835
2025-04,153478,0.02045244269537002
2025-05,166930,0.02464506080392979
2025-06,156661,0.021415668226297545
2025-07,157583,0.016010610281565904
2025-08,158749,0.01729774675745989
2025-09,163891,0.027133887766869445
2025-10,175234,0.022090461896663888
2025-11,189861,0.030285313992868466
2025-12,209625,0.0245247465712582
