feature,cramers_v,mutual_info,nunique,missing_pct
event_type,0.032552644902607356,0.0005642770862668576,4,0.0
currency,0.032534278893495576,0.0005642305146953547,2,31.92625
ip_country,0.020807815996200414,0.00021123225390423314,10,0.0
browser_family,0.00883932097150548,4.685610621219037e-05,6,0.89975
os_family,0.006204263426771158,2.0212148012707914e-05,6,1.4040000000000001
