Model,Accuracy,Precision,Recall,F1,ROC AUC
lightgbm,0.7861526569273471,0.303651836690725,0.47340974933870766,0.3699880227731382,0.7324111199369213
logistic_regression,0.7244721565063199,0.26421405911695833,0.6035688793718772,0.36753749469475,0.7281855863575828
random_forest,0.7226488186731179,0.2577528341288783,0.5804173489524289,0.35697814045371795,0.7134590393846267
