{
  "xgboost": {
    "model_name": "xgboost",
    "threshold": 0.20000000000000004,
    "accuracy": 0.7774269216889209,
    "precision": 0.29593497578778166,
    "recall": 0.4916320275433514,
    "f1": 0.3694698014319116,
    "roc_auc": 0.7299023146616695,
    "confusion_matrix": {
      "tn": 639431,
      "fp": 139288,
      "fn": 60539,
      "tp": 58546
    }
  },
  "lightgbm": {
    "model_name": "lightgbm",
    "threshold": 0.20000000000000004,
    "accuracy": 0.7861526569273471,
    "precision": 0.303651836690725,
    "recall": 0.47340974933870766,
    "f1": 0.3699880227731382,
    "roc_auc": 0.7324111199369213,
    "confusion_matrix": {
      "tn": 649435,
      "fp": 129284,
      "fn": 62709,
      "tp": 56376
    }
  },
  "random_forest": {
    "model_name": "random_forest",
    "threshold": 0.20000000000000004,
    "accuracy": 0.7226699814213348,
    "precision": 0.25780361477680785,
    "recall": 0.580568501490532,
    "f1": 0.35705543017388747,
    "roc_auc": 0.7133596057664489,
    "confusion_matrix": {
      "tn": 579679,
      "fp": 199040,
      "fn": 49948,
      "tp": 69137
    }
  },
  "logistic_regression": {
    "model_name": "logistic_regression",
    "threshold": 0.15000000000000002,
    "accuracy": 0.7244721565063199,
    "precision": 0.26421405911695833,
    "recall": 0.6035688793718772,
    "f1": 0.36753749469475,
    "roc_auc": 0.7281855863575828,
    "confusion_matrix": {
      "tn": 578558,
      "fp": 200161,
      "fn": 47209,
      "tp": 71876
    }
  }
}