Model,Accuracy,Precision,Recall,F1,ROC AUC
lightgbm,0.7861526569273471,0.303651836690725,0.47340974933870766,0.3699880227731382,0.7324111199369213
xgboost,0.7774269216889209,0.29593497578778166,0.4916320275433514,0.3694698014319116,0.7299023146616695
logistic_regression,0.7244721565063199,0.26421405911695833,0.6035688793718772,0.36753749469475,0.7281855863575828
random_forest,0.7226699814213348,0.25780361477680785,0.580568501490532,0.35705543017388747,0.7133596057664489
